date,region,product,quantity,revenue,unit_price
2025-05-24,Bursa,Kamera,39,35829.2,918.7
2025-07-23,Ankara,Tablet,11,43991.81,3999.26
2025-08-21,Antalya,Kulaklık,21,4023.57,191.6
2025-07-06,İstanbul,Kulaklık,22,7122.45,323.75
2025-08-06,Antalya,Kulaklık,42,17437.87,415.19
2025-05-24,Bursa,Kulaklık,47,1000.0,21.28
2025-07-03,İzmir,Kulaklık,37,11706.54,316.39
2025-05-30,İzmir,Klavye,9,12266.62,1362.96
2025-08-06,Ankara,Kulaklık,20,4193.29,209.66
2025-10-28,Bursa,Klavye,8,3374.76,421.84
2025-07-29,İzmir,Monitör,2,33870.54,16935.27
2025-07-02,Ankara,Kulaklık,29,1000.0,34.48
2025-06-22,Ankara,Telefon,8,49753.9,6219.24
2025-06-18,Bursa,Laptop,21,46542.31,2216.3
2025-08-28,Antalya,Telefon,45,33977.87,755.06
2025-05-24,İstanbul,Kamera,45,65856.83,1463.49
2025-07-19,İstanbul,Laptop,8,46864.85,5858.11
2025-07-29,İzmir,Tablet,8,15598.61,1949.83
2025-06-11,İzmir,Tablet,41,40381.28,984.91
2025-07-20,Bursa,Klavye,12,7562.42,630.2
2025-06-26,Ankara,Laptop,37,67923.88,1835.78
2025-08-21,İzmir,Kulaklık,22,1000.0,45.45
2025-08-18,İzmir,Tablet,14,20794.85,1485.35
2025-05-24,İzmir,Laptop,26,69410.5,2669.63
2025-11-04,Ankara,Kulaklık,32,11413.99,356.69
2025-10-07,Bursa,Monitör,39,15308.93,392.54
2025-10-27,Antalya,Klavye,28,21980.04,785.0
2025-06-23,Ankara,Telefon,6,50649.2,8441.53
2025-08-25,Bursa,Kulaklık,28,21346.76,762.38
2025-09-15,İstanbul,Klavye,27,12633.3,467.9
2025-05-12,İstanbul,Kulaklık,9,15076.7,1675.19
2025-06-29,Antalya,Laptop,42,45747.96,1089.24
2025-07-07,Bursa,Mouse,41,6434.45,156.94
2025-07-10,Bursa,Laptop,49,26799.17,546.92
2025-05-21,Ankara,Kulaklık,49,10305.22,210.31
2025-07-29,Antalya,Laptop,49,31934.36,651.72
2025-07-02,Ankara,Telefon,1,41159.08,41159.08
2025-09-16,İzmir,Monitör,44,21103.44,479.62
2025-10-16,Ankara,Mouse,17,1000.0,58.82
2025-08-15,Antalya,Kulaklık,6,11219.13,1869.86
2025-09-30,İzmir,Klavye,6,2078.81,346.47
2025-10-04,Antalya,Tablet,36,34462.36,957.29
2025-10-03,İzmir,Telefon,41,39356.42,959.91
2025-09-14,İstanbul,Mouse,39,3450.99,88.49
2025-09-15,Ankara,Mouse,23,17526.68,762.03
2025-05-16,Ankara,Tablet,16,37169.83,2323.11
2025-07-08,Ankara,Mouse,32,5909.66,184.68
2025-05-18,İzmir,Klavye,41,14019.16,341.93
2025-06-26,İzmir,Tablet,33,33304.54,1009.23
2025-08-30,Bursa,Tablet,8,24951.87,3118.98
2025-08-21,Bursa,Monitör,29,20637.65,711.64
2025-08-27,Ankara,Mouse,18,1000.0,55.56
2025-10-19,Ankara,Monitör,33,8491.31,257.31
2025-09-28,Bursa,Laptop,21,50908.98,2424.24
2025-09-14,Bursa,Mouse,33,12305.07,372.88
2025-09-01,Bursa,Tablet,22,32625.72,1482.99
2025-05-17,Antalya,Tablet,30,37210.07,1240.34
2025-08-28,İstanbul,Kulaklık,33,23069.4,699.07
2025-07-09,Antalya,Kulaklık,49,36325.81,741.34
2025-10-14,İstanbul,Kulaklık,29,14532.2,501.11
2025-08-16,Antalya,Monitör,31,25018.84,807.06
2025-09-02,İzmir,Kulaklık,21,1000.0,47.62
2025-07-15,İstanbul,Mouse,31,10711.41,345.53
2025-08-21,Ankara,Tablet,46,14919.74,324.34
2025-10-31,Ankara,Mouse,17,16352.95,961.94
2025-06-21,İstanbul,Laptop,48,75770.41,1578.55
2025-06-04,Antalya,Telefon,13,41322.71,3178.67
2025-09-21,Bursa,Telefon,36,38314.87,1064.3
2025-07-13,Antalya,Kulaklık,14,8013.03,572.36
2025-09-29,Bursa,Tablet,28,17815.42,636.27
2025-06-10,Ankara,Telefon,25,36903.68,1476.15
2025-09-11,Ankara,Klavye,22,7859.68,357.26
2025-08-03,Ankara,Telefon,37,45721.41,1235.71
2025-07-01,İstanbul,Mouse,44,1000.0,22.73
2025-08-20,Bursa,Kamera,40,51501.32,1287.53
2025-05-22,Bursa,Mouse,42,21090.72,502.16
2025-09-06,İzmir,Laptop,26,54666.02,2102.54
2025-09-03,Antalya,Telefon,23,22376.33,972.88
2025-09-15,İstanbul,Kulaklık,34,9986.29,293.71
2025-09-03,İstanbul,Mouse,1,2732.3,2732.3
2025-07-17,Antalya,Klavye,12,1000.0,83.33
2025-11-04,Ankara,Mouse,37,24609.02,665.11
2025-07-17,İstanbul,Kamera,5,45790.18,9158.04
2025-11-01,Bursa,Mouse,21,1000.0,47.62
2025-08-18,Bursa,Laptop,5,59691.7,11938.34
2025-11-05,Bursa,Telefon,31,23128.73,746.09
2025-10-03,Ankara,Telefon,5,54213.22,10842.64
2025-05-25,Antalya,Kulaklık,24,9698.24,404.09
2025-09-14,Ankara,Laptop,12,64810.58,5400.88
2025-09-10,Ankara,Tablet,33,33579.7,1017.57
2025-11-04,İstanbul,Kamera,1,56694.34,56694.34
2025-07-22,İstanbul,Mouse,43,24543.63,570.78
2025-09-27,Bursa,Kamera,35,25094.66,716.99
2025-05-17,İstanbul,Telefon,29,40989.27,1413.42
2025-08-07,Ankara,Telefon,7,28998.58,4142.65
2025-08-31,Bursa,Telefon,45,28578.14,635.07
2025-09-06,İzmir,Kamera,36,49754.35,1382.07
2025-10-08,Ankara,Kamera,35,41611.1,1188.89
2025-06-14,İstanbul,Tablet,24,59164.97,2465.21
2025-08-30,Antalya,Kulaklık,13,3920.91,301.61
2025-08-22,İstanbul,Tablet,20,49492.79,2474.64
2025-09-27,İstanbul,Monitör,19,1000.0,52.63
2025-09-26,İstanbul,Kulaklık,31,20880.63,673.57
2025-08-28,Bursa,Tablet,16,22879.27,1429.95
2025-08-16,Antalya,Kamera,21,42786.0,2037.43
2025-10-07,Bursa,Kamera,16,49288.85,3080.55
2025-08-26,İstanbul,Klavye,11,14867.77,1351.62
2025-07-24,Ankara,Klavye,9,24590.58,2732.29
2025-10-01,Ankara,Telefon,27,37450.31,1387.05
2025-05-14,Ankara,Telefon,29,44140.14,1522.07
2025-07-31,Antalya,Monitör,22,29382.65,1335.57
2025-07-19,Bursa,Laptop,25,47137.37,1885.49
2025-06-14,Antalya,Kulaklık,44,2702.94,61.43
2025-08-07,İzmir,Telefon,19,45438.63,2391.51
2025-09-27,İzmir,Kamera,20,57324.97,2866.25
2025-07-09,Bursa,Mouse,41,1000.0,24.39
2025-08-09,İstanbul,Tablet,49,38368.6,783.03
2025-10-17,İstanbul,Mouse,38,13525.68,355.94
2025-07-06,Antalya,Monitör,37,21351.29,577.06
2025-10-03,Bursa,Tablet,20,24113.33,1205.67
2025-06-25,İstanbul,Telefon,31,81767.15,2637.65
2025-07-02,İstanbul,Kamera,3,64389.06,21463.02
2025-05-21,İstanbul,Tablet,8,26866.57,3358.32
2025-10-20,Ankara,Kulaklık,26,8034.09,309.0
2025-11-03,Ankara,Kulaklık,36,2118.53,58.85
2025-10-01,İzmir,Monitör,9,7945.86,882.87
2025-10-13,İstanbul,Kamera,5,48158.17,9631.63
2025-05-19,İstanbul,Telefon,30,69733.4,2324.45
2025-08-26,Ankara,Tablet,1,24747.7,24747.7
2025-11-02,Ankara,Mouse,11,1000.0,90.91
2025-07-11,Antalya,Telefon,49,49473.91,1009.67
2025-08-15,Antalya,Laptop,41,44399.9,1082.92
2025-09-15,İzmir,Klavye,5,12109.48,2421.9
2025-06-01,İzmir,Kamera,37,62938.36,1701.04
2025-07-31,Antalya,Kamera,46,28994.97,630.33
2025-10-29,İstanbul,Tablet,13,16013.15,1231.78
2025-08-30,Bursa,Monitör,3,1000.0,333.33
2025-05-21,İzmir,Telefon,1,44780.84,44780.84
2025-07-05,Bursa,Kamera,23,24930.67,1083.94
2025-09-28,Antalya,Kamera,2,56376.87,28188.44
2025-08-20,İzmir,Tablet,30,44701.09,1490.04
2025-06-30,İzmir,Tablet,38,10895.13,286.71
2025-07-27,İstanbul,Mouse,17,31929.23,1878.19
2025-09-18,Antalya,Kamera,10,18751.03,1875.1
2025-05-26,İstanbul,Telefon,34,55779.22,1640.57
2025-09-12,Antalya,Telefon,43,22418.95,521.37
2025-09-01,İzmir,Mouse,16,1000.0,62.5
2025-09-30,İzmir,Monitör,8,48385.71,6048.21
2025-09-18,Bursa,Mouse,3,11226.31,3742.1
2025-10-16,İzmir,Kamera,19,36511.69,1921.67
2025-08-09,Antalya,Kamera,6,29735.75,4955.96
2025-05-21,İstanbul,Kamera,26,48848.54,1878.79
2025-07-26,Ankara,Laptop,26,39705.86,1527.15
2025-09-07,İstanbul,Klavye,22,1000.0,45.45
2025-06-26,İzmir,Klavye,1,6652.06,6652.06
2025-11-05,İstanbul,Tablet,15,36685.46,2445.7
2025-07-26,Ankara,Kulaklık,14,27772.16,1983.73
2025-09-01,İzmir,Mouse,7,3011.57,430.22
2025-10-07,İzmir,Klavye,45,44946.57,998.81
2025-06-16,Ankara,Telefon,35,53755.54,1535.87
2025-09-05,İzmir,Klavye,17,5757.14,338.66
2025-06-22,Ankara,Monitör,25,20498.2,819.93
2025-06-03,İstanbul,Kamera,45,65829.96,1462.89
2025-08-28,Ankara,Klavye,22,13863.16,630.14
2025-05-17,Ankara,Klavye,42,22534.06,536.53
2025-05-15,İstanbul,Kamera,26,79792.05,3068.92
2025-07-07,Ankara,Tablet,33,28290.75,857.3
2025-05-30,Antalya,Monitör,6,20422.71,3403.78
2025-07-23,Bursa,Monitör,11,19565.7,1778.7
2025-09-20,Bursa,Klavye,49,14170.85,289.2
2025-07-27,İzmir,Monitör,45,3046.06,67.69
2025-07-18,Bursa,Kamera,26,53550.3,2059.63
2025-05-29,Bursa,Tablet,26,19872.43,764.32
2025-09-25,Antalya,Monitör,36,16255.52,451.54
2025-05-12,Antalya,Tablet,10,24173.91,2417.39
2025-09-24,Antalya,Klavye,44,2488.38,56.55
2025-10-24,Ankara,Kamera,37,28679.33,775.12
2025-05-18,İstanbul,Laptop,11,86403.77,7854.89
2025-08-12,İzmir,Monitör,12,26036.75,2169.73
2025-05-10,İzmir,Tablet,40,33072.73,826.82
2025-08-10,Bursa,Mouse,14,7538.42,538.46
2025-06-13,Bursa,Monitör,21,14293.11,680.62
2025-07-31,Antalya,Kamera,4,34781.84,8695.46
2025-06-20,İstanbul,Kamera,25,81131.01,3245.24
2025-07-20,Ankara,Mouse,38,1000.0,26.32
2025-07-11,İstanbul,Klavye,15,1000.0,66.67
2025-10-01,İstanbul,Laptop,14,71412.32,5100.88
2025-08-21,Antalya,Mouse,39,12701.81,325.69
2025-09-20,İzmir,Monitör,42,38576.66,918.49
2025-08-28,Bursa,Klavye,29,1000.0,34.48
2025-10-11,İstanbul,Kulaklık,33,7689.07,233.0
2025-10-11,Antalya,Kamera,33,35876.68,1087.17
2025-07-14,Bursa,Monitör,33,22310.82,676.09
2025-06-25,Antalya,Klavye,36,9603.16,266.75
2025-11-05,Antalya,Mouse,5,17154.96,3430.99
2025-07-16,Antalya,Klavye,12,2131.48,177.62
2025-10-11,Antalya,Telefon,36,51704.67,1436.24
2025-06-05,Ankara,Tablet,5,38590.33,7718.07
2025-07-22,Bursa,Tablet,23,13399.93,582.61
2025-08-24,Ankara,Monitör,12,13857.25,1154.77
2025-08-21,Ankara,Kamera,47,60680.4,1291.07
2025-08-17,Bursa,Tablet,48,25162.99,524.23
2025-09-06,Bursa,Kamera,9,24576.17,2730.69
2025-06-18,İzmir,Kamera,41,55622.19,1356.64
2025-05-10,İzmir,Klavye,21,38464.29,1831.63
2025-09-23,İstanbul,Kamera,10,57859.29,5785.93
2025-09-03,Bursa,Laptop,25,36762.83,1470.51
2025-06-16,Ankara,Tablet,2,30584.09,15292.04
2025-10-18,Ankara,Tablet,44,29694.21,674.87
2025-10-08,İzmir,Tablet,25,41305.67,1652.23
2025-08-05,Bursa,Monitör,43,27349.44,636.03
2025-08-31,Ankara,Kulaklık,21,3168.73,150.89
2025-07-29,İstanbul,Klavye,40,1000.0,25.0
2025-05-10,İstanbul,Klavye,32,7531.97,235.37
2025-11-04,Antalya,Monitör,32,21101.61,659.43
2025-10-29,Antalya,Laptop,29,46614.14,1607.38
2025-05-10,İzmir,Telefon,2,44940.27,22470.14
2025-08-31,Bursa,Laptop,30,58535.94,1951.2
2025-09-18,İzmir,Klavye,39,11478.11,294.31
2025-05-19,İzmir,Mouse,10,2942.14,294.21
2025-10-18,İzmir,Monitör,28,19657.31,702.05
2025-08-10,Ankara,Klavye,8,6269.31,783.66
2025-07-15,İstanbul,Laptop,8,85825.08,10728.14
2025-07-15,İstanbul,Klavye,33,1000.0,30.3
2025-05-17,Bursa,Klavye,14,3837.07,274.08
2025-10-21,İzmir,Mouse,21,1502.15,71.53
2025-07-22,Ankara,Klavye,2,1000.0,500.0
2025-10-04,İstanbul,Klavye,11,36470.3,3315.48
2025-09-16,Ankara,Klavye,20,3542.02,177.1
2025-10-22,Antalya,Kamera,30,31070.47,1035.68
2025-07-01,İstanbul,Telefon,22,63165.26,2871.15
2025-07-29,Bursa,Mouse,10,3629.58,362.96
2025-09-14,İzmir,Monitör,17,23228.49,1366.38
2025-06-03,İstanbul,Mouse,39,1000.0,25.64
2025-05-31,İstanbul,Monitör,23,10673.29,464.06
2025-07-18,Antalya,Tablet,18,26567.85,1475.99
2025-08-17,Antalya,Telefon,37,31107.46,840.74
2025-09-08,İstanbul,Monitör,12,29949.74,2495.81
2025-08-03,Antalya,Telefon,12,40857.89,3404.82
2025-07-01,Antalya,Laptop,7,57433.83,8204.83
2025-10-01,Ankara,Kamera,46,15670.82,340.67
2025-07-02,Ankara,Kulaklık,43,1000.0,23.26
2025-06-14,İstanbul,Tablet,36,36624.91,1017.36
2025-06-17,İstanbul,Tablet,40,58113.88,1452.85
2025-08-15,İzmir,Monitör,22,30238.47,1374.48
2025-06-11,Antalya,Mouse,36,3664.1,101.78
2025-07-29,Bursa,Tablet,34,47040.76,1383.55
2025-07-21,İstanbul,Telefon,9,58559.1,6506.57
2025-07-09,İstanbul,Laptop,39,65595.49,1681.94
2025-08-25,İzmir,Tablet,44,53749.38,1221.58
2025-08-19,İzmir,Monitör,44,2845.6,64.67
2025-06-27,İzmir,Tablet,17,45729.62,2689.98
2025-07-03,Ankara,Laptop,16,43379.62,2711.23
2025-10-05,İzmir,Mouse,17,6537.2,384.54
2025-06-03,Antalya,Monitör,26,21763.68,837.06
2025-06-04,İstanbul,Kamera,47,61016.79,1298.23
2025-10-01,Ankara,Mouse,7,8101.58,1157.37
2025-09-23,Antalya,Klavye,48,1000.0,20.83
2025-07-30,Ankara,Tablet,39,42244.65,1083.2
2025-10-15,İstanbul,Monitör,24,1000.0,41.67
2025-06-23,İzmir,Kulaklık,40,14665.61,366.64
2025-08-25,Ankara,Klavye,39,1973.14,50.59
2025-08-10,İstanbul,Kulaklık,33,33452.42,1013.71
2025-08-25,Antalya,Telefon,2,46426.19,23213.09
2025-06-12,İzmir,Telefon,35,56560.8,1616.02
2025-06-24,İzmir,Klavye,29,8564.21,295.32
2025-07-10,İstanbul,Kamera,44,84483.47,1920.08
2025-10-14,İstanbul,Telefon,25,54557.42,2182.3
2025-07-13,Bursa,Kamera,14,26218.32,1872.74
2025-10-02,Ankara,Kulaklık,37,7541.26,203.82
2025-07-21,İstanbul,Mouse,4,3823.96,955.99
2025-06-15,Bursa,Tablet,37,16051.58,433.83
2025-06-17,İzmir,Kulaklık,25,39716.67,1588.67
2025-07-07,Bursa,Kulaklık,8,3024.93,378.12
2025-07-11,Bursa,Kamera,46,35563.27,773.11
2025-07-05,Ankara,Tablet,26,22711.1,873.5
2025-05-12,İstanbul,Laptop,47,82028.45,1745.29
2025-08-16,İstanbul,Laptop,20,82622.85,4131.14
2025-07-09,Ankara,Laptop,18,53641.02,2980.06
2025-05-12,İstanbul,Mouse,32,1000.0,31.25
2025-05-22,İzmir,Monitör,9,26435.08,2937.23
2025-08-18,Bursa,Monitör,34,4358.3,128.19
2025-07-15,İzmir,Laptop,3,57828.11,19276.04
2025-07-24,İstanbul,Telefon,42,33572.04,799.33
2025-06-18,İstanbul,Klavye,34,11877.32,349.33
2025-06-16,Bursa,Klavye,8,8066.81,1008.35
2025-11-01,İzmir,Kamera,48,29909.09,623.11
2025-07-29,Antalya,Kulaklık,40,9520.53,238.01
2025-07-10,Antalya,Mouse,40,16374.03,409.35
2025-08-08,Ankara,Mouse,13,8852.92,680.99
2025-05-15,Antalya,Laptop,28,58575.9,2092.0
2025-07-07,İstanbul,Tablet,48,40954.27,853.21
2025-08-24,İstanbul,Kamera,7,54767.08,7823.87
2025-06-23,Antalya,Tablet,31,19556.64,630.86
2025-10-16,Ankara,Telefon,31,54668.34,1763.49
2025-05-11,Ankara,Kulaklık,14,1922.18,137.3
2025-05-21,Antalya,Kamera,17,33834.55,1990.27
2025-08-05,Ankara,Kulaklık,45,10987.58,244.17
2025-07-18,İzmir,Mouse,28,20236.65,722.74
2025-06-15,Bursa,Klavye,29,3872.82,133.55
2025-08-13,Bursa,Kulaklık,17,13413.78,789.05
2025-05-31,Ankara,Monitör,26,14660.31,563.86
2025-06-28,İzmir,Telefon,12,72244.82,6020.4
2025-06-11,Antalya,Tablet,6,18497.21,3082.87
2025-07-06,İzmir,Tablet,35,40139.59,1146.85
2025-06-17,Antalya,Laptop,15,47538.92,3169.26
2025-07-23,Antalya,Kamera,27,42769.79,1584.07
2025-09-12,İzmir,Laptop,44,75726.53,1721.06
2025-05-30,Bursa,Kamera,38,13379.05,352.08
2025-10-19,Ankara,Kamera,49,29049.97,592.86
2025-05-21,İstanbul,Mouse,27,1000.0,37.04
2025-10-01,Bursa,Monitör,29,41076.52,1416.43
2025-07-27,Antalya,Mouse,7,20414.59,2916.37
2025-10-28,İzmir,Kamera,24,10224.46,426.02
2025-09-17,Bursa,Telefon,30,34545.37,1151.51
2025-08-01,İstanbul,Monitör,36,9880.88,274.47
2025-11-01,İstanbul,Monitör,2,18887.51,9443.76
2025-07-20,İzmir,Mouse,21,5828.53,277.55
2025-07-12,Ankara,Monitör,38,24449.2,643.4
2025-06-11,İzmir,Kamera,38,39132.6,1029.81
2025-05-20,İstanbul,Mouse,17,1000.0,58.82
2025-06-24,Bursa,Laptop,32,44570.6,1392.83
2025-10-17,Bursa,Kulaklık,33,7011.32,212.46
2025-06-11,Ankara,Laptop,41,52782.3,1287.37
2025-10-17,Antalya,Monitör,39,14677.36,376.34
2025-08-20,Ankara,Monitör,26,32288.8,1241.88
2025-09-29,Ankara,Telefon,49,36818.64,751.4
2025-09-09,İzmir,Kamera,6,34660.2,5776.7
2025-07-21,İstanbul,Monitör,12,30894.46,2574.54
2025-07-10,Ankara,Kulaklık,20,3707.16,185.36
2025-05-16,İzmir,Klavye,6,15816.91,2636.15
2025-10-10,Ankara,Monitör,3,41753.71,13917.9
2025-08-23,İstanbul,Kulaklık,12,40284.72,3357.06
2025-06-03,Bursa,Kamera,45,25857.34,574.61
2025-10-03,İzmir,Telefon,32,54274.03,1696.06
2025-07-30,İzmir,Kulaklık,6,5115.6,852.6
2025-10-06,Ankara,Tablet,3,33312.91,11104.3
2025-06-13,Bursa,Telefon,29,18023.3,621.49
2025-07-24,İstanbul,Klavye,37,26968.79,728.89
2025-08-25,Bursa,Kulaklık,20,6527.27,326.36
2025-06-28,Bursa,Mouse,36,6520.07,181.11
2025-08-15,Ankara,Kamera,36,45994.53,1277.63
2025-10-18,Ankara,Klavye,12,13297.73,1108.14
2025-05-27,İzmir,Kamera,40,53602.56,1340.06
2025-08-16,Antalya,Klavye,30,1827.51,60.92
2025-05-23,Ankara,Kulaklık,14,25077.28,1791.23
2025-06-15,Ankara,Klavye,47,6731.68,143.23
2025-09-16,İstanbul,Kulaklık,39,32590.94,835.67
2025-08-06,İstanbul,Tablet,40,20579.78,514.49
2025-10-20,Bursa,Mouse,45,14947.44,332.17
2025-09-04,İzmir,Telefon,10,48921.86,4892.19
2025-08-22,Bursa,Monitör,1,6453.07,6453.07
2025-05-17,Antalya,Kulaklık,20,24007.29,1200.36
2025-08-24,Bursa,Laptop,37,52652.0,1423.03
2025-10-21,Antalya,Kulaklık,28,16389.23,585.33
2025-10-04,Bursa,Tablet,14,32732.69,2338.05
2025-06-15,Ankara,Laptop,5,51125.38,10225.08
2025-11-04,İstanbul,Laptop,14,59475.68,4248.26
2025-05-29,Bursa,Telefon,31,44246.95,1427.32
2025-10-07,İzmir,Telefon,44,52157.86,1185.41
2025-09-14,Bursa,Klavye,8,6574.71,821.84
2025-09-15,Ankara,Kamera,8,36266.19,4533.27
2025-08-19,Antalya,Mouse,34,2969.45,87.34
2025-09-05,İstanbul,Klavye,26,13261.49,510.06
2025-10-14,İzmir,Telefon,8,76840.99,9605.12
2025-07-20,İstanbul,Kulaklık,25,14135.72,565.43
2025-05-10,Bursa,Laptop,48,50748.57,1057.26
2025-08-07,Antalya,Laptop,28,37027.15,1322.4
2025-07-11,Ankara,Telefon,48,41326.55,860.97
2025-07-25,Antalya,Laptop,31,51156.12,1650.2
2025-07-16,İstanbul,Tablet,4,58347.85,14586.96
2025-07-30,İzmir,Monitör,13,32330.8,2486.98
2025-07-31,İstanbul,Klavye,7,5206.65,743.81
2025-09-29,İstanbul,Kamera,1,64222.65,64222.65
2025-09-29,Bursa,Telefon,25,28033.53,1121.34
2025-06-13,İstanbul,Laptop,44,98288.43,2233.83
2025-08-16,Ankara,Tablet,2,32736.5,16368.25
2025-08-02,İstanbul,Tablet,26,24264.9,933.27
2025-10-12,Ankara,Monitör,37,6409.49,173.23
2025-05-24,Bursa,Kulaklık,43,1000.0,23.26
2025-09-09,Ankara,Kulaklık,43,24347.03,566.21
2025-09-29,Antalya,Kulaklık,25,10433.85,417.35
2025-06-29,Bursa,Tablet,4,17214.32,4303.58
2025-06-05,Antalya,Kulaklık,29,6905.52,238.12
2025-09-22,Bursa,Tablet,18,32264.85,1792.49
2025-07-25,Ankara,Laptop,4,36009.74,9002.44
2025-08-11,Ankara,Laptop,10,58275.55,5827.55
2025-07-19,Antalya,Klavye,49,1000.0,20.41
2025-06-20,Ankara,Kamera,7,33489.62,4784.23
2025-09-06,İstanbul,Kulaklık,45,26943.13,598.74
2025-09-09,Ankara,Klavye,26,33733.51,1297.44
2025-05-19,İstanbul,Klavye,24,16195.85,674.83
2025-09-11,Ankara,Laptop,49,54353.37,1109.25
2025-06-15,Ankara,Tablet,4,30786.74,7696.69
2025-05-28,Ankara,Mouse,25,9823.34,392.93
2025-10-20,Ankara,Tablet,10,37368.77,3736.88
2025-07-17,İstanbul,Klavye,34,17865.44,525.45
2025-10-05,İstanbul,Klavye,17,1000.0,58.82
2025-10-19,Antalya,Klavye,10,15653.24,1565.32
2025-07-25,İstanbul,Monitör,25,63157.85,2526.31
2025-06-13,Ankara,Mouse,42,22808.93,543.07
2025-10-25,Antalya,Klavye,49,15260.15,311.43
2025-06-02,İzmir,Klavye,39,14827.8,380.2
2025-06-14,Antalya,Monitör,40,34832.61,870.82
2025-10-20,Antalya,Laptop,6,42415.86,7069.31
2025-05-22,İstanbul,Klavye,49,1000.0,20.41
2025-05-14,Bursa,Telefon,8,37765.51,4720.69
2025-06-22,Ankara,Tablet,3,21680.18,7226.73
2025-10-28,Ankara,Klavye,34,14297.48,420.51
2025-10-06,Bursa,Mouse,44,22018.89,500.43
2025-07-25,Ankara,Kulaklık,16,24267.71,1516.73
2025-10-14,Ankara,Monitör,16,28291.27,1768.2
2025-09-30,Bursa,Laptop,16,54821.79,3426.36
2025-08-09,Antalya,Klavye,40,12247.73,306.19
2025-08-21,Antalya,Kulaklık,30,2368.34,78.94
2025-10-06,Antalya,Kulaklık,18,17177.43,954.3
2025-05-25,İstanbul,Kamera,14,31427.56,2244.83
2025-10-07,Bursa,Laptop,45,45223.67,1004.97
2025-08-02,Ankara,Laptop,1,39686.67,39686.67
2025-11-05,İzmir,Tablet,23,23375.82,1016.34
2025-07-03,Ankara,Kulaklık,15,15214.62,1014.31
2025-05-21,Bursa,Kamera,47,25225.43,536.71
2025-10-22,İstanbul,Telefon,24,53421.19,2225.88
2025-09-20,Ankara,Monitör,3,33246.18,11082.06
2025-07-21,Bursa,Monitör,14,14093.01,1006.64
2025-05-19,Bursa,Telefon,25,31105.99,1244.24
2025-07-02,Ankara,Laptop,1,62079.93,62079.93
2025-09-17,Antalya,Kulaklık,35,1000.0,28.57
2025-06-03,İstanbul,Monitör,21,18006.92,857.47
2025-06-03,Ankara,Kulaklık,15,14191.25,946.08
2025-05-21,Bursa,Kamera,13,29365.51,2258.89
2025-07-08,Bursa,Telefon,6,40378.51,6729.75
2025-09-16,Antalya,Tablet,5,16321.44,3264.29
2025-05-19,İzmir,Telefon,25,53006.29,2120.25
2025-05-20,Ankara,Monitör,15,27782.14,1852.14
2025-07-31,İstanbul,Klavye,9,30614.64,3401.63
2025-07-21,İzmir,Kamera,7,31490.48,4498.64
2025-05-13,Bursa,Laptop,4,52690.15,13172.54
2025-08-20,İstanbul,Kamera,36,41107.58,1141.88
2025-11-03,Bursa,Monitör,37,13434.01,363.08
2025-07-10,Bursa,Klavye,27,1000.0,37.04
2025-05-23,Bursa,Monitör,7,30108.66,4301.24
2025-08-03,Antalya,Kamera,38,29766.35,783.32
2025-07-06,Antalya,Telefon,39,28353.81,727.02
2025-05-22,Antalya,Laptop,35,47853.03,1367.23
2025-09-25,İstanbul,Kulaklık,21,23689.37,1128.07
2025-09-03,Bursa,Mouse,48,1000.0,20.83
2025-11-05,Bursa,Telefon,29,35639.2,1228.94
2025-06-20,Ankara,Kamera,1,27974.74,27974.74
2025-06-26,Ankara,Kulaklık,29,21419.0,738.59
2025-07-06,İstanbul,Telefon,28,72133.94,2576.21
2025-06-12,İzmir,Klavye,8,1000.0,125.0
2025-11-02,İzmir,Monitör,24,16314.08,679.75
2025-07-17,Antalya,Tablet,32,27216.59,850.52
2025-08-04,Bursa,Laptop,23,42939.15,1866.92
2025-08-26,İzmir,Laptop,24,61080.51,2545.02
2025-05-26,İzmir,Mouse,11,1000.0,90.91
2025-09-21,Bursa,Klavye,28,1000.0,35.71
2025-05-14,İzmir,Tablet,8,47062.38,5882.8
2025-08-28,Ankara,Monitör,32,22978.37,718.07
2025-09-22,Bursa,Laptop,2,50464.18,25232.09
2025-06-27,Ankara,Tablet,36,41767.17,1160.2
2025-08-22,Bursa,Monitör,10,22102.99,2210.3
2025-09-26,Antalya,Kulaklık,27,30384.02,1125.33
2025-05-22,Ankara,Monitör,32,37048.92,1157.78
2025-05-20,Bursa,Telefon,10,40570.52,4057.05
2025-10-02,İstanbul,Mouse,14,1000.0,71.43
2025-08-31,Bursa,Telefon,22,24468.32,1112.2
2025-10-28,Bursa,Monitör,21,19894.23,947.34
2025-06-10,İzmir,Telefon,30,46025.24,1534.17
2025-10-31,İstanbul,Kulaklık,21,27563.44,1312.54
2025-08-03,Bursa,Mouse,22,1000.0,45.45
2025-05-31,İzmir,Laptop,2,80758.69,40379.35
2025-11-05,Antalya,Kamera,27,34881.84,1291.92
2025-10-07,Ankara,Klavye,43,12191.66,283.53
2025-08-14,Antalya,Kamera,3,38946.69,12982.23
2025-10-13,İzmir,Klavye,25,9952.04,398.08
2025-09-22,Antalya,Klavye,42,1000.0,23.81
2025-07-20,Ankara,Mouse,1,13948.77,13948.77
2025-07-12,Bursa,Mouse,42,1000.0,23.81
2025-05-19,Ankara,Tablet,27,35971.72,1332.29
2025-10-25,İzmir,Telefon,48,55006.64,1145.97
2025-10-20,Antalya,Laptop,31,34081.38,1099.4
2025-09-18,İzmir,Kamera,47,26724.3,568.6
2025-05-29,Antalya,Kulaklık,26,3096.23,119.09
2025-07-02,Antalya,Monitör,40,25648.77,641.22
2025-06-16,Antalya,Telefon,45,34617.78,769.28
2025-09-05,Bursa,Laptop,7,41293.56,5899.08
2025-05-23,Bursa,Kamera,4,25160.79,6290.2
2025-07-30,Ankara,Monitör,19,24186.17,1272.96
2025-10-03,Bursa,Kulaklık,22,1636.21,74.37
2025-06-08,Antalya,Kulaklık,38,9567.61,251.78
2025-08-17,Antalya,Klavye,36,1000.0,27.78
2025-10-02,İstanbul,Klavye,49,22014.05,449.27
2025-06-25,İzmir,Kulaklık,4,1000.0,250.0
2025-06-25,Bursa,Mouse,27,21186.83,784.7
2025-08-20,Bursa,Tablet,10,40961.28,4096.13
2025-08-24,Ankara,Tablet,49,44204.06,902.12
2025-07-29,Antalya,Monitör,37,13599.24,367.55
2025-10-05,Bursa,Laptop,10,33291.88,3329.19
2025-07-18,Antalya,Kulaklık,39,4927.13,126.34
2025-09-15,Ankara,Tablet,24,29489.27,1228.72
2025-07-18,İstanbul,Kulaklık,20,10886.57,544.33
2025-10-14,İstanbul,Kulaklık,24,1000.0,41.67
2025-10-14,Bursa,Telefon,10,43976.97,4397.7
2025-07-18,Ankara,Laptop,44,45227.05,1027.89
2025-08-24,İstanbul,Kamera,33,51524.66,1561.35
2025-07-18,İzmir,Klavye,15,1000.0,66.67
2025-10-04,Ankara,Mouse,14,17427.81,1244.84
2025-07-06,İstanbul,Kamera,21,44346.29,2111.73
2025-09-17,Ankara,Kamera,49,26203.65,534.77
2025-08-06,İzmir,Tablet,21,39329.72,1872.84
2025-10-25,Bursa,Laptop,22,37591.94,1708.72
2025-10-08,İstanbul,Laptop,34,72537.31,2133.45
2025-06-21,Bursa,Telefon,17,37587.97,2211.06
2025-08-15,Ankara,Monitör,1,17146.21,17146.21
2025-05-14,Ankara,Kamera,48,30292.01,631.08
2025-10-23,İzmir,Kamera,22,64120.11,2914.55
2025-10-24,Bursa,Mouse,35,1777.8,50.79
2025-06-27,İzmir,Klavye,32,1000.0,31.25
2025-10-10,Antalya,Kulaklık,22,20754.56,943.39
2025-09-02,Antalya,Klavye,28,1000.0,35.71
2025-10-24,İzmir,Kamera,33,50597.32,1533.25
2025-05-15,Ankara,Kulaklık,39,9682.71,248.27
2025-08-06,Bursa,Klavye,5,1000.0,200.0
2025-05-21,İzmir,Tablet,10,29536.64,2953.66
2025-06-19,Bursa,Kulaklık,9,25859.68,2873.3
2025-07-08,Ankara,Telefon,20,53340.5,2667.03
2025-05-16,Bursa,Telefon,27,21908.95,811.44
2025-06-18,Ankara,Tablet,38,41626.43,1095.43
2025-09-15,İstanbul,Kulaklık,32,13588.46,424.64
2025-08-24,Bursa,Mouse,37,1600.74,43.26
2025-08-27,Bursa,Monitör,16,18217.98,1138.62
2025-08-26,İstanbul,Klavye,21,31183.31,1484.92
2025-05-13,Antalya,Telefon,5,30125.56,6025.11
2025-08-14,İstanbul,Tablet,4,45453.19,11363.3
2025-10-18,İstanbul,Kulaklık,35,7140.05,204.0
2025-05-18,Antalya,Kulaklık,38,1000.0,26.32
2025-07-08,Ankara,Monitör,47,17811.55,378.97
2025-09-17,Bursa,Kulaklık,12,1000.0,83.33
2025-05-30,Bursa,Monitör,34,12614.69,371.02
2025-10-31,İstanbul,Tablet,18,64615.7,3589.76
2025-06-01,Ankara,Tablet,5,12056.29,2411.26
2025-08-11,Bursa,Tablet,15,35194.68,2346.31
2025-06-11,İzmir,Tablet,2,36469.22,18234.61
2025-10-12,İzmir,Mouse,47,1000.0,21.28
2025-09-10,İstanbul,Kulaklık,25,11636.17,465.45
2025-07-05,Antalya,Tablet,46,19895.9,432.52
2025-10-01,Bursa,Monitör,13,24512.5,1885.58
2025-09-20,Ankara,Tablet,27,35008.34,1296.61
2025-08-15,İzmir,Tablet,36,11541.46,320.6
2025-06-13,Antalya,Mouse,19,1000.0,52.63
2025-08-30,İzmir,Kulaklık,48,9337.67,194.53
2025-08-27,İstanbul,Tablet,3,46325.27,15441.76
2025-06-06,Ankara,Tablet,19,18177.89,956.73
2025-09-06,Bursa,Monitör,38,27773.84,730.89
2025-10-20,Antalya,Kamera,33,29854.73,904.69
2025-09-28,Bursa,Laptop,11,41856.15,3805.1
2025-07-26,Antalya,Tablet,41,34722.95,846.9
2025-08-30,Antalya,Monitör,48,35621.89,742.12
2025-05-20,Bursa,Tablet,20,17395.91,869.8
2025-10-28,Antalya,Tablet,33,25946.21,786.25
2025-09-23,Antalya,Kamera,24,41361.9,1723.41
2025-06-23,İstanbul,Mouse,23,15016.41,652.89
2025-07-24,Bursa,Monitör,19,7916.2,416.64
2025-08-10,Ankara,Kulaklık,22,9345.65,424.8
2025-06-16,Antalya,Tablet,4,41343.66,10335.91
2025-05-13,Bursa,Kulaklık,22,15679.15,712.69
2025-07-15,Bursa,Kamera,34,33818.11,994.65
2025-08-22,İzmir,Klavye,1,9720.07,9720.07
2025-10-01,İstanbul,Telefon,27,61592.68,2281.21
2025-08-23,İzmir,Kulaklık,1,6365.37,6365.37
2025-08-26,İstanbul,Kamera,35,28905.24,825.86
2025-07-04,Antalya,Kulaklık,49,8802.19,179.64
2025-06-27,Antalya,Kamera,49,42411.0,865.53
2025-07-02,Ankara,Tablet,41,21935.93,535.02
2025-06-15,İstanbul,Mouse,21,20245.75,964.08
2025-10-23,İzmir,Tablet,41,25096.52,612.11
2025-05-20,Antalya,Mouse,46,4184.93,90.98
2025-10-24,Antalya,Laptop,44,42333.36,962.12
2025-07-20,İzmir,Kulaklık,12,15205.52,1267.13
2025-10-17,Antalya,Mouse,45,9683.76,215.19
2025-05-17,Ankara,Klavye,49,15512.39,316.58
2025-10-02,Bursa,Telefon,2,40816.56,20408.28
2025-10-17,Bursa,Monitör,19,1000.0,52.63
2025-08-01,Bursa,Mouse,49,1000.0,20.41
2025-09-08,İstanbul,Kulaklık,2,32017.21,16008.6
2025-06-29,Antalya,Laptop,11,40200.91,3654.63
2025-09-28,Antalya,Telefon,39,45198.86,1158.95
2025-08-01,Bursa,Tablet,6,26098.95,4349.82
2025-05-11,İzmir,Kamera,30,55385.19,1846.17
2025-10-25,Ankara,Laptop,12,53727.13,4477.26
2025-07-13,İzmir,Tablet,37,29766.53,804.5
2025-06-27,Antalya,Monitör,31,11820.61,381.31
2025-10-08,İstanbul,Klavye,43,24541.86,570.74
2025-08-16,Ankara,Kulaklık,45,14985.54,333.01
2025-09-08,İstanbul,Kamera,32,28854.59,901.71
2025-10-12,İzmir,Tablet,44,37579.77,854.09
2025-06-01,İstanbul,Klavye,36,21902.33,608.4
2025-10-08,Bursa,Laptop,39,29263.21,750.34
2025-10-12,Ankara,Mouse,1,1000.0,1000.0
2025-10-04,İstanbul,Klavye,19,6776.18,356.64
2025-10-02,Antalya,Telefon,31,24838.38,801.24
2025-09-25,İzmir,Monitör,49,38559.8,786.93
2025-07-12,İstanbul,Monitör,12,5566.65,463.89
2025-09-18,İstanbul,Klavye,49,29087.31,593.62
2025-07-17,Antalya,Telefon,26,27698.42,1065.32
2025-08-24,İzmir,Monitör,27,25172.11,932.3
2025-06-28,Ankara,Tablet,30,19198.94,639.96
2025-09-08,Ankara,Kamera,37,30342.01,820.05
2025-08-18,Ankara,Kulaklık,18,1000.0,55.56
2025-08-30,Bursa,Laptop,29,34013.97,1172.9
2025-10-31,Antalya,Tablet,13,25424.29,1955.71
2025-08-03,Ankara,Kamera,23,39171.07,1703.09
2025-06-20,İzmir,Tablet,49,38513.92,786.0
2025-09-13,Antalya,Monitör,44,27348.16,621.55
2025-09-25,Antalya,Kulaklık,28,1000.0,35.71
2025-09-27,Antalya,Tablet,47,32779.94,697.45
2025-11-04,Ankara,Tablet,18,35458.49,1969.92
2025-05-28,İstanbul,Mouse,37,20326.63,549.37
2025-06-06,Antalya,Mouse,19,9168.59,482.56
2025-08-15,İzmir,Kamera,11,49129.27,4466.3
2025-09-26,Antalya,Klavye,20,1000.0,50.0
2025-05-21,İstanbul,Monitör,6,31135.08,5189.18
2025-10-03,İstanbul,Tablet,32,26359.53,823.74
2025-08-19,Ankara,Kulaklık,11,10803.2,982.11
2025-10-07,İstanbul,Monitör,17,33607.07,1976.89
2025-07-30,İzmir,Kamera,28,10963.06,391.54
2025-05-13,İzmir,Klavye,9,6720.18,746.69
2025-07-29,Bursa,Kamera,17,42513.85,2500.81
2025-08-13,İstanbul,Laptop,3,63265.96,21088.65
2025-05-22,İzmir,Kamera,47,27043.71,575.4
2025-08-31,Antalya,Klavye,43,25187.81,585.76
2025-09-24,İzmir,Monitör,42,21103.03,502.45
2025-10-25,Antalya,Mouse,30,1000.0,33.33
2025-08-31,İzmir,Tablet,8,23792.49,2974.06
2025-07-19,Ankara,Laptop,15,65197.29,4346.49
2025-09-22,Antalya,Kamera,5,18180.19,3636.04
2025-09-13,Bursa,Mouse,40,7642.55,191.06
2025-10-30,İstanbul,Telefon,14,70065.56,5004.68
2025-08-19,Bursa,Monitör,14,22232.9,1588.06
2025-10-29,Bursa,Kamera,32,13297.46,415.55
2025-07-09,Ankara,Kamera,34,27482.87,808.32
2025-09-30,Ankara,Kulaklık,38,14029.68,369.2
2025-05-22,Bursa,Telefon,34,26085.04,767.21
2025-09-06,İzmir,Mouse,27,13635.52,505.02
2025-07-01,Antalya,Klavye,30,8052.37,268.41
2025-05-30,Antalya,Kamera,19,43545.22,2291.85
2025-07-05,Antalya,Tablet,23,18863.61,820.16
2025-07-02,Ankara,Telefon,20,48127.68,2406.38
2025-11-03,Ankara,Monitör,24,29855.41,1243.98
2025-07-07,Bursa,Kamera,23,35035.04,1523.26
2025-09-05,Ankara,Kulaklık,41,16340.28,398.54
2025-07-27,Bursa,Laptop,31,52310.16,1687.42
2025-08-10,İstanbul,Telefon,8,55081.58,6885.2
2025-07-17,İstanbul,Monitör,44,32327.86,734.72
2025-10-13,İstanbul,Mouse,34,10273.51,302.16
2025-08-17,Bursa,Kulaklık,18,1000.0,55.56
2025-07-31,İzmir,Kamera,12,37284.87,3107.07
2025-10-01,İzmir,Kamera,23,49072.64,2133.59
2025-10-17,Ankara,Kamera,21,26154.79,1245.47
2025-05-22,Antalya,Tablet,37,29540.57,798.39
2025-08-25,İstanbul,Mouse,25,13233.82,529.35
2025-08-01,İstanbul,Kamera,19,37940.34,1996.86
2025-06-15,İzmir,Kulaklık,48,10326.64,215.14
2025-06-19,Bursa,Mouse,35,1000.0,28.57
2025-08-22,Ankara,Mouse,31,18218.78,587.7
2025-09-23,Ankara,Mouse,9,1889.03,209.89
2025-08-17,İzmir,Monitör,34,35651.3,1048.57
2025-05-17,İstanbul,Mouse,7,31533.8,4504.83
2025-05-12,Bursa,Telefon,21,45676.58,2175.08
2025-07-02,Bursa,Mouse,1,1000.0,1000.0
2025-05-22,Bursa,Kamera,10,14305.37,1430.54
2025-08-19,Antalya,Kamera,24,33142.58,1380.94
2025-07-29,Ankara,Monitör,25,18599.7,743.99
2025-08-19,İzmir,Klavye,17,1000.0,58.82
2025-09-02,Bursa,Monitör,36,17826.66,495.18
2025-08-07,Ankara,Kulaklık,38,7739.65,203.67
2025-09-05,İstanbul,Kulaklık,40,25730.72,643.27
2025-06-05,Bursa,Telefon,42,42463.67,1011.04
2025-10-18,İzmir,Klavye,32,4868.54,152.14
2025-06-11,Antalya,Laptop,7,35637.36,5091.05
2025-09-12,Bursa,Laptop,36,60939.86,1692.77
2025-08-28,Antalya,Klavye,9,24041.02,2671.22
2025-06-23,İzmir,Mouse,3,1000.0,333.33
2025-10-13,Antalya,Laptop,34,40046.43,1177.84
2025-07-27,Ankara,Kulaklık,4,12312.24,3078.06
2025-09-23,Ankara,Mouse,5,1000.0,200.0
2025-07-23,Bursa,Telefon,44,24658.52,560.42
2025-06-04,Ankara,Laptop,25,46028.21,1841.13
2025-06-23,Ankara,Tablet,31,37486.21,1209.23
2025-07-13,Bursa,Tablet,49,24545.48,500.93
2025-07-05,Bursa,Monitör,26,20970.59,806.56
2025-05-14,İstanbul,Telefon,20,69298.89,3464.94
2025-07-02,Bursa,Laptop,34,29798.47,876.43
2025-05-30,Antalya,Telefon,46,31494.53,684.66
2025-06-16,Antalya,Monitör,31,6647.29,214.43
2025-05-15,İzmir,Monitör,29,26299.93,906.89
2025-08-25,Bursa,Kamera,28,34030.76,1215.38
2025-10-25,Bursa,Monitör,16,21339.85,1333.74
2025-06-26,Bursa,Tablet,12,28920.26,2410.02
2025-08-06,İzmir,Kamera,18,38648.51,2147.14
2025-07-03,İzmir,Klavye,17,1000.0,58.82
2025-07-28,İzmir,Tablet,2,47803.51,23901.75
2025-05-17,Ankara,Klavye,32,6108.66,190.9
2025-08-11,Bursa,Klavye,1,1000.0,1000.0
2025-07-29,İzmir,Klavye,22,10785.87,490.27
2025-06-22,Antalya,Monitör,9,7649.93,849.99
2025-06-14,Antalya,Telefon,42,44337.49,1055.65
2025-10-26,İzmir,Kamera,40,37510.27,937.76
2025-11-01,Ankara,Klavye,29,5384.83,185.68
2025-09-27,İzmir,Kulaklık,45,1524.84,33.89
2025-05-18,Ankara,Kulaklık,25,10424.4,416.98
2025-07-15,Antalya,Klavye,20,12304.29,615.21
2025-08-11,Bursa,Kamera,18,13201.14,733.4
2025-08-10,Antalya,Kulaklık,20,19272.13,963.61
2025-07-30,Antalya,Tablet,26,13972.75,537.41
2025-09-02,Antalya,Kulaklık,23,16615.34,722.41
2025-06-19,Ankara,Tablet,45,30245.99,672.13
2025-07-16,İstanbul,Kamera,5,47158.79,9431.76
2025-11-04,İzmir,Mouse,19,1000.0,52.63
2025-06-25,Antalya,Kulaklık,7,2288.2,326.89
2025-09-19,Ankara,Mouse,42,20066.03,477.76
2025-09-02,Bursa,Klavye,45,2351.31,52.25
2025-06-19,Antalya,Mouse,46,11962.57,260.06
2025-07-16,Bursa,Monitör,15,3374.68,224.98
2025-09-15,İzmir,Kamera,40,55187.55,1379.69
2025-06-02,Antalya,Kulaklık,24,6059.56,252.48
2025-07-15,Ankara,Kulaklık,23,1000.0,43.48
2025-08-12,Antalya,Kamera,41,43978.99,1072.66
2025-07-02,İstanbul,Kamera,40,70502.55,1762.56
2025-05-12,Antalya,Kamera,22,23894.92,1086.13
2025-07-24,Bursa,Kulaklık,47,15114.36,321.58
2025-09-27,İstanbul,Kamera,23,32768.09,1424.7
2025-06-08,Ankara,Telefon,27,54538.15,2019.93
2025-09-12,İzmir,Monitör,48,12226.01,254.71
2025-09-04,İzmir,Klavye,22,1000.0,45.45
2025-10-05,Antalya,Monitör,8,14743.48,1842.93
2025-07-07,İstanbul,Mouse,32,29960.53,936.27
2025-05-18,İzmir,Telefon,17,41945.37,2467.37
2025-05-19,İzmir,Mouse,48,1000.0,20.83
2025-10-09,Bursa,Klavye,21,3355.83,159.8
2025-07-13,Antalya,Monitör,17,11064.67,650.86
2025-08-05,İstanbul,Klavye,2,18082.09,9041.05
2025-05-10,İzmir,Monitör,34,18986.64,558.43
2025-07-21,İzmir,Laptop,13,71306.86,5485.14
2025-05-12,Bursa,Kulaklık,48,11805.32,245.94
2025-07-13,Antalya,Klavye,17,2091.83,123.05
2025-05-24,İzmir,Telefon,4,18779.24,4694.81
2025-07-31,Ankara,Laptop,43,54012.98,1256.12
2025-07-26,Bursa,Tablet,29,10339.14,356.52
2025-09-07,İzmir,Monitör,33,19715.65,597.44
2025-07-31,İstanbul,Mouse,16,1000.0,62.5
2025-07-12,Antalya,Mouse,35,1000.0,28.57
2025-07-28,İzmir,Kulaklık,23,6253.95,271.91
2025-05-31,Ankara,Mouse,37,1000.0,27.03
2025-05-25,İzmir,Telefon,16,48324.65,3020.29
2025-08-30,Bursa,Laptop,12,45916.75,3826.4
2025-09-19,Antalya,Tablet,33,37597.89,1139.33
2025-10-12,Antalya,Laptop,14,33455.08,2389.65
2025-09-06,Antalya,Monitör,48,12444.92,259.27
2025-09-09,İstanbul,Tablet,2,53979.7,26989.85
2025-09-27,Bursa,Laptop,23,51308.33,2230.8
2025-07-02,İzmir,Mouse,29,16261.84,560.75
2025-06-02,Bursa,Kamera,8,25436.32,3179.54
2025-10-13,Ankara,Monitör,10,3481.26,348.13
2025-05-15,İstanbul,Telefon,41,65822.55,1605.43
2025-10-25,Antalya,Telefon,49,38771.78,791.26
2025-07-19,İzmir,Laptop,25,50057.81,2002.31
2025-05-11,İzmir,Mouse,24,1000.0,41.67
2025-05-31,Ankara,Monitör,27,23999.74,888.88
2025-05-29,Antalya,Klavye,27,1000.0,37.04
2025-10-04,İstanbul,Monitör,47,55101.78,1172.38
2025-07-01,Ankara,Monitör,34,35074.84,1031.61
2025-06-05,İzmir,Monitör,48,38278.94,797.48
2025-08-17,İstanbul,Tablet,2,55205.14,27602.57
2025-07-13,Antalya,Kulaklık,15,8314.67,554.31
2025-11-04,İzmir,Monitör,48,11916.25,248.26
2025-05-31,Antalya,Tablet,45,11732.63,260.73
2025-08-30,Bursa,Laptop,45,57873.12,1286.07
2025-06-27,Bursa,Klavye,10,12311.92,1231.19
2025-06-24,Bursa,Laptop,42,45602.84,1085.78
2025-08-31,İstanbul,Telefon,21,47484.54,2261.17
2025-08-28,İstanbul,Kulaklık,15,32571.4,2171.43
2025-09-09,Bursa,Kamera,41,45746.26,1115.76
2025-10-24,Ankara,Telefon,39,56505.27,1448.85
2025-10-07,İstanbul,Kamera,46,48888.09,1062.78
2025-11-01,Antalya,Tablet,34,23275.37,684.57
2025-11-03,İzmir,Kamera,11,48184.62,4380.42
2025-06-26,Ankara,Monitör,10,36616.08,3661.61
2025-09-13,Ankara,Monitör,10,6295.59,629.56
2025-09-06,İstanbul,Klavye,27,13101.62,485.25
2025-07-21,İzmir,Monitör,39,31171.83,799.28
2025-06-06,İstanbul,Kulaklık,33,6212.77,188.27
2025-07-30,Antalya,Laptop,43,45783.68,1064.74
2025-10-24,İzmir,Kulaklık,36,29439.13,817.75
2025-08-24,Ankara,Kulaklık,11,4729.65,429.97
2025-05-13,Ankara,Laptop,22,61525.67,2796.62
2025-07-02,Antalya,Tablet,38,34997.67,920.99
2025-09-15,Ankara,Laptop,38,41931.61,1103.46
2025-10-13,Antalya,Mouse,45,12387.57,275.28
2025-06-13,Bursa,Tablet,4,27060.46,6765.12
2025-09-26,Antalya,Laptop,23,48956.22,2128.53
2025-07-09,İstanbul,Kamera,24,25103.67,1045.99
2025-07-03,İstanbul,Kamera,5,59235.51,11847.1
2025-11-02,Bursa,Monitör,42,12913.44,307.46
2025-07-28,Ankara,Klavye,35,18181.21,519.46
2025-05-14,İstanbul,Monitör,42,1000.0,23.81
2025-10-14,İstanbul,Kulaklık,29,45848.15,1580.97
2025-09-27,Antalya,Klavye,32,1000.0,31.25
2025-08-29,Bursa,Klavye,22,7008.94,318.59
2025-09-12,İstanbul,Monitör,43,56169.59,1306.27
2025-09-08,Ankara,Tablet,36,19813.61,550.38
2025-06-06,Ankara,Laptop,11,49477.12,4497.92
2025-09-29,İzmir,Monitör,43,29384.28,683.36
2025-10-31,Antalya,Laptop,33,62938.07,1907.21
2025-07-22,İstanbul,Tablet,29,62346.24,2149.87
2025-09-27,Ankara,Telefon,1,36563.59,36563.59
2025-11-01,Ankara,Kamera,29,36398.09,1255.11
2025-07-19,Ankara,Laptop,13,55664.92,4281.92
2025-06-27,Antalya,Telefon,39,48887.99,1253.54
2025-07-10,Antalya,Laptop,17,54873.14,3227.83
2025-09-17,İzmir,Laptop,32,84343.55,2635.74
2025-09-30,Ankara,Kulaklık,25,20564.0,822.56
2025-09-06,Bursa,Laptop,22,42976.5,1953.48
2025-08-25,İstanbul,Tablet,41,64382.01,1570.29
2025-10-03,Antalya,Tablet,30,17919.63,597.32
2025-10-02,İstanbul,Mouse,48,6547.13,136.4
2025-09-22,Ankara,Mouse,40,2355.13,58.88
2025-09-02,Bursa,Klavye,49,14466.27,295.23
2025-07-14,Antalya,Telefon,20,41209.45,2060.47
2025-07-15,Antalya,Tablet,19,25676.77,1351.41
2025-07-12,İzmir,Monitör,4,42553.08,10638.27
2025-09-02,İzmir,Kulaklık,11,21733.72,1975.79
2025-08-24,Ankara,Klavye,2,5076.46,2538.23
2025-08-09,İstanbul,Laptop,31,84767.42,2734.43
2025-07-09,Bursa,Telefon,37,21055.66,569.07
2025-06-17,Antalya,Monitör,32,36668.54,1145.89
2025-08-16,Ankara,Kulaklık,29,21779.6,751.02
2025-08-09,İzmir,Klavye,9,26314.24,2923.8
2025-10-13,Bursa,Monitör,31,13604.58,438.86
2025-07-12,İzmir,Kamera,26,31726.27,1220.24
2025-07-10,Bursa,Telefon,13,35168.41,2705.26
2025-05-25,İzmir,Monitör,8,9394.56,1174.32
2025-06-18,İzmir,Laptop,30,72407.1,2413.57
2025-06-22,Bursa,Telefon,11,38568.1,3506.19
2025-05-11,İstanbul,Telefon,23,57513.43,2500.58
2025-08-30,Ankara,Monitör,38,9641.65,253.73
2025-10-22,İstanbul,Klavye,30,1000.0,33.33
2025-10-12,Antalya,Mouse,21,11846.3,564.11
2025-05-22,Ankara,Monitör,10,31913.65,3191.36
2025-09-18,Antalya,Klavye,32,11167.98,349.0
2025-08-18,Bursa,Telefon,8,30226.87,3778.36
2025-07-11,İstanbul,Kamera,22,56825.21,2582.96
2025-08-13,Antalya,Kamera,46,35356.64,768.62
2025-09-20,Ankara,Mouse,25,1000.0,40.0
2025-10-13,İzmir,Mouse,18,28760.86,1597.83
2025-07-23,Ankara,Mouse,33,1000.0,30.3
2025-06-16,Antalya,Mouse,32,15949.43,498.42
2025-08-26,Antalya,Telefon,27,30611.93,1133.78
2025-09-29,İzmir,Klavye,35,1000.0,28.57
2025-10-05,Bursa,Tablet,11,13562.21,1232.93
2025-06-13,Bursa,Mouse,36,6656.3,184.9
2025-08-16,İzmir,Telefon,3,53809.91,17936.64
2025-09-11,Antalya,Kamera,29,47685.9,1644.34
2025-07-22,İzmir,Tablet,43,53057.31,1233.89
2025-06-26,İstanbul,Kulaklık,46,25554.62,555.54
2025-06-06,Ankara,Klavye,5,8671.17,1734.23
2025-06-29,İzmir,Kamera,49,36387.57,742.6
2025-10-22,Ankara,Kulaklık,25,1000.0,40.0
2025-09-25,İzmir,Mouse,18,1000.0,55.56
2025-10-28,İzmir,Kamera,5,52704.93,10540.99
2025-08-06,İstanbul,Tablet,19,20324.76,1069.72
2025-07-19,İstanbul,Mouse,4,20514.48,5128.62
2025-08-21,İstanbul,Klavye,47,4034.44,85.84
2025-10-30,İstanbul,Kamera,14,77299.23,5521.37
2025-11-03,Ankara,Kulaklık,43,15992.33,371.91
2025-09-04,Bursa,Mouse,20,16477.8,823.89
2025-08-07,İzmir,Kulaklık,37,1000.0,27.03
2025-07-14,İstanbul,Monitör,36,25311.86,703.11
2025-08-25,Ankara,Tablet,8,23109.04,2888.63
2025-10-14,Antalya,Mouse,17,3351.96,197.17
2025-09-30,Bursa,Kulaklık,16,16508.06,1031.75
2025-11-01,Antalya,Tablet,27,41379.43,1532.57
2025-08-05,Antalya,Klavye,17,1000.0,58.82
2025-08-12,İstanbul,Mouse,30,1000.0,33.33
2025-07-01,Bursa,Kulaklık,7,7147.27,1021.04
2025-06-12,Bursa,Telefon,20,29280.79,1464.04
2025-09-24,Ankara,Monitör,20,19828.18,991.41
2025-09-12,İzmir,Kamera,40,30747.79,768.69
2025-10-07,Bursa,Mouse,8,1000.0,125.0
2025-07-04,Antalya,Monitör,10,29298.19,2929.82
2025-10-20,Bursa,Laptop,37,40894.91,1105.27
2025-05-13,Ankara,Monitör,31,22904.98,738.87
2025-10-22,Ankara,Mouse,11,4919.89,447.26
2025-08-13,Bursa,Monitör,5,10364.14,2072.83
2025-09-14,Ankara,Mouse,48,8922.9,185.89
2025-08-04,Bursa,Monitör,17,8963.51,527.27
2025-07-05,İstanbul,Klavye,34,1000.0,29.41
2025-09-27,İstanbul,Monitör,25,44746.76,1789.87
2025-10-24,Ankara,Tablet,15,16669.71,1111.31
2025-06-10,Antalya,Laptop,9,53655.74,5961.75
2025-07-30,Bursa,Telefon,12,54952.51,4579.38
2025-07-19,Bursa,Monitör,35,14461.91,413.2
2025-06-17,Ankara,Mouse,40,21660.33,541.51
2025-07-29,Antalya,Kamera,49,29369.67,599.38
2025-07-25,Antalya,Monitör,31,15828.52,510.6
2025-06-17,Bursa,Kulaklık,8,33162.07,4145.26
2025-10-16,İstanbul,Kamera,28,39954.02,1426.93
2025-10-12,Antalya,Monitör,3,15349.74,5116.58
2025-10-06,Antalya,Monitör,8,32465.13,4058.14
2025-06-10,İstanbul,Monitör,35,58095.31,1659.87
2025-07-24,Ankara,Tablet,5,40387.11,8077.42
2025-09-13,Bursa,Laptop,41,46746.97,1140.17
2025-08-01,Antalya,Telefon,13,30349.58,2334.58
2025-10-26,Antalya,Klavye,49,1000.0,20.41
2025-07-29,Bursa,Kulaklık,15,7723.79,514.92
2025-10-08,Antalya,Laptop,8,36634.7,4579.34
2025-08-26,Ankara,Tablet,26,29491.97,1134.31
2025-10-23,İzmir,Kamera,37,46896.42,1267.47
2025-05-25,İstanbul,Kulaklık,17,35581.75,2093.04
2025-08-11,Antalya,Mouse,18,10629.56,590.53
2025-08-11,Antalya,Tablet,40,19846.08,496.15
2025-09-29,İzmir,Kulaklık,9,1000.0,111.11
2025-08-25,Bursa,Telefon,30,30142.51,1004.75
2025-06-30,İstanbul,Laptop,9,75027.69,8336.41
2025-07-23,İstanbul,Kulaklık,15,1000.0,66.67
2025-09-22,Bursa,Laptop,8,42286.52,5285.82
2025-05-21,İzmir,Monitör,11,38654.83,3514.08
2025-05-26,İzmir,Klavye,33,2154.1,65.28
2025-08-02,Ankara,Kamera,45,19938.11,443.07
2025-11-02,İzmir,Monitör,35,11312.01,323.2
2025-08-05,İzmir,Tablet,28,38064.85,1359.46
2025-05-15,İzmir,Laptop,19,62350.14,3281.59
2025-06-16,Bursa,Telefon,43,27996.83,651.09
2025-05-22,Bursa,Telefon,32,44597.71,1393.68
2025-07-31,İstanbul,Laptop,40,58675.21,1466.88
2025-09-15,İzmir,Kulaklık,42,1000.0,23.81
2025-06-18,Ankara,Mouse,24,8701.98,362.58
2025-10-22,Ankara,Kulaklık,44,10791.93,245.27
2025-08-28,İzmir,Laptop,24,63888.68,2662.03
2025-06-12,Antalya,Laptop,3,36982.16,12327.39
2025-09-04,Ankara,Mouse,40,17912.94,447.82
2025-07-15,Ankara,Tablet,24,36162.78,1506.78
2025-06-05,Antalya,Tablet,26,31700.28,1219.24
2025-08-12,Ankara,Klavye,20,1000.0,50.0
2025-09-18,Bursa,Klavye,1,16220.58,16220.58
2025-10-14,İstanbul,Telefon,3,43405.6,14468.53
2025-08-01,Ankara,Kamera,38,37407.8,984.42
2025-08-27,Antalya,Klavye,15,22841.61,1522.77
2025-09-07,İstanbul,Kamera,43,25959.86,603.72
2025-08-08,Bursa,Klavye,18,1000.0,55.56
2025-08-21,Antalya,Kulaklık,10,16631.92,1663.19
2025-07-09,İstanbul,Kulaklık,5,19330.85,3866.17
2025-07-03,Ankara,Kamera,38,27318.8,718.92
2025-07-21,Antalya,Kamera,48,29615.76,617.0
2025-08-21,Ankara,Laptop,28,53256.39,1902.01
2025-10-23,Bursa,Kulaklık,26,7090.12,272.7
2025-09-11,Antalya,Tablet,31,7285.05,235.0
2025-07-24,Bursa,Laptop,1,37256.53,37256.53
2025-09-15,Antalya,Klavye,42,11065.95,263.47
2025-05-31,Antalya,Klavye,38,1000.0,26.32
2025-05-17,İzmir,Kamera,38,25788.34,678.64
2025-07-26,İstanbul,Mouse,45,10459.9,232.44
2025-05-23,İzmir,Monitör,27,38403.14,1422.34
2025-10-15,Antalya,Laptop,35,43553.65,1244.39
2025-07-06,Bursa,Monitör,26,21024.64,808.64
2025-05-29,Antalya,Telefon,6,57188.88,9531.48
2025-10-02,İzmir,Mouse,14,12464.75,890.34
2025-09-14,Antalya,Klavye,44,4371.76,99.36
2025-10-19,İzmir,Klavye,36,5402.57,150.07
2025-09-08,İzmir,Mouse,48,1000.0,20.83
2025-10-08,Bursa,Mouse,43,1000.0,23.26
2025-08-16,Ankara,Laptop,32,66988.31,2093.38
2025-07-06,Bursa,Kamera,15,14147.7,943.18
2025-09-30,Bursa,Mouse,4,7199.17,1799.79
2025-06-06,Antalya,Telefon,3,56171.19,18723.73
2025-06-23,İzmir,Klavye,2,9932.21,4966.11
2025-08-20,Bursa,Tablet,35,36333.69,1038.11
2025-10-02,Ankara,Monitör,5,36009.31,7201.86
2025-10-23,Antalya,Kamera,45,39441.49,876.48
2025-09-20,Antalya,Monitör,46,24509.18,532.81
2025-08-10,Bursa,Kulaklık,18,7327.39,407.08
2025-05-15,Ankara,Mouse,48,8504.99,177.19
2025-07-15,İzmir,Klavye,32,14457.6,451.8
2025-07-29,Bursa,Klavye,41,13474.57,328.65
2025-10-16,İzmir,Kamera,22,52500.7,2386.4
2025-10-06,İstanbul,Kulaklık,48,23753.16,494.86
2025-05-12,İzmir,Kamera,41,11946.94,291.39
2025-07-31,İstanbul,Klavye,47,1000.0,21.28
2025-09-02,Antalya,Klavye,28,1000.0,35.71
2025-08-29,Ankara,Kamera,47,48243.84,1026.46
2025-07-06,İstanbul,Telefon,25,76249.1,3049.96
2025-06-26,İzmir,Kulaklık,34,5203.12,153.03
2025-05-20,Ankara,Tablet,2,16675.36,8337.68
2025-06-20,Bursa,Laptop,18,36945.56,2052.53
2025-05-25,İzmir,Tablet,26,9087.73,349.53
2025-10-31,İstanbul,Kulaklık,47,34774.53,739.88
2025-07-25,Ankara,Kulaklık,26,9237.16,355.28
2025-06-05,İzmir,Tablet,15,32193.55,2146.24
